<?xml version="1.0"?>
<Project Version="1" Minor="0">
	<BUILD_NUMBER Name="932637"/>
	<FULL_BUILD Name="SW Build 932637 on Wed Jun 11 13:33:10 MDT 2014"/>
	<MODE Name="Post-Bitstream"/>
	<SYSTEMINFO BOARD="xilinx.com:zc702:part0:1.0" ARCH="zynq" PACKAGE="clg484" DEVICE="7z020" SPEED="-1"/>
	<HIERARCHY Name="design_gpio_led_i"/>
	<File Type="HW_HANDOFF" Name="design_gpio_led.hwh" ModTime="1410392132"/>
	<File Type="PS_FSBL_INIT" Name="ps7_init.c" ModTime="1410392132"/>
	<File Type="PS_FSBL_INIT" Name="ps7_init.h" ModTime="1410392132"/>
	<File Type="PS_XMD_INIT" Name="ps7_init.tcl" ModTime="1410392132"/>
	<File Type="PS_INIT_HELP" Name="ps7_init.html" ModTime="1410392132"/>
	<File Type="BIT" Name="design_gpio_led_wrapper.bit" ModTime="1410392363"/>
</Project>

